adult,backdrop_path,genre_ids,id,original_language,original_title,overview,popularity,poster_path,release_date,title,video,vote_average,vote_count
False,/pWsD91G2R1Da3AKM3ymr3UoIfRb.jpg,"[878, 28, 18]",933131,ko,황야,"After a deadly earthquake turns Seoul into a lawless badland, a fearless huntsman springs into action to rescue a teenager abducted by a mad doctor.",1924.206,/zVMyvNowgbsBAL6O6esWfRpAcOb.jpg,2024-01-26,Badland Hunters,False,6.711,408
False,/unvtbkgxh47BewQ8pENvdOdme0r.jpg,"[28, 18]",1212073,de,60 Minuten,"Desperate to keep custody of his daughter, a mixed martial arts fighter abandons a big match and races across Berlin to attend her birthday party.",1252.532,/jojfbnIHGsRpodIood3OQoqA45Y.jpg,2024-01-19,Sixty Minutes,False,6.88,351
False,/pwGmXVKUgKN13psUjlhC9zBcq1o.jpg,"[878, 28, 12]",634492,en,Madame Web,"Forced to confront revelations about her past, paramedic Cassandra Webb forges a relationship with three young women destined for powerful futures...if they can all survive a deadly present.",1108.735,/rULWuutDcN5NvtiZi4FRPzRYWSh.jpg,2024-02-14,Madame Web,False,5.521,121
False,/yyFc8Iclt2jxPmLztbP617xXllT.jpg,"[35, 10751, 14]",787699,en,Wonka,"Willy Wonka – chock-full of ideas and determined to change the world one delectable bite at a time – is proof that the best things in life begin with a dream, and if you’re lucky enough to meet Willy Wonka, anything is possible.",1127.617,/qhb1qOilapbapxWQn9jtRCMwXJF.jpg,2023-12-06,Wonka,False,7.199,2130
False,/A0EqMM4WZpzfxpdoDoqICCpzSQ1.jpg,"[878, 12, 28]",609681,en,The Marvels,"Carol Danvers, aka Captain Marvel, has reclaimed her identity from the tyrannical Kree and taken revenge on the Supreme Intelligence. But unintended consequences see Carol shouldering the burden of a destabilized universe. When her duties send her to an anomalous wormhole linked to a Kree revolutionary, her powers become entangled with that of Jersey City super-fan Kamala Khan, aka Ms. Marvel, and Carol’s estranged niece, now S.A.B.E.R. astronaut Captain Monica Rambeau. Together, this unlikely trio must team up and learn to work in concert to save the universe.",1013.855,/9GBhzXMFjgcZ3FdR9w3bUMMTps5.jpg,2023-11-08,The Marvels,False,6.3,1718
False,/ay0PJQZizDXk0pzhoGX4v7K9h7A.jpg,"[28, 53]",1214314,en,One More Shot,"Following the attack on the black site in Poland, Navy SEAL Jake Harris is ordered to escort terrorist suspect Amin Mansur to Washington D.C. for interrogation. Before the prisoner transfer process is complete, though, the airport is attacked by a group of heavily armed, well-trained mercenaries.",963.43,/nQ1BQg4yMdlYSHvHZgwladzy7EF.jpg,2024-01-12,One More Shot,False,6.669,145
False,/r9oTasGQofvkQY5vlUXglneF64Z.jpg,"[28, 35]",1029575,en,The Family Plan,"Dan Morgan is many things: a devoted husband, a loving father, a celebrated car salesman. He's also a former assassin. And when his past catches up to his present, he's forced to take his unsuspecting family on a road trip unlike any other.",1007.602,/a6syn9qcU4a54Lmi3JoIr1XvhFU.jpg,2023-12-14,The Family Plan,False,7.33,926
False,/w12jjv5XNNpHgM4he1COnfWiA93.jpg,"[28, 27, 35, 53]",1211483,en,Skal - Fight for Survival,"My name's Arthur, a huge Internet star who's just hit 3 million subs. While in the midst of throwing an epic party to celebrate, the universe had the balls to bring on the effing apocalypse and cut my night short. What was supposed to be a perfect hangover, has turned into an epic fight for survival.",980.086,/uQkiDKQyun13mqsOXv7I5MRKr0q.jpg,2023-11-24,Skal - Fight for Survival,False,6.083,24
False,/rz8GGX5Id2hCW1KzAIY4xwbQw1w.jpg,"[28, 35, 80]",955916,en,Lift,"An international heist crew, led by Cyrus Whitaker, race to lift $500 million in gold from a passenger plane at 40,000 feet.",929.212,/46sp1Z9b2PPTgCMyA87g9aTLUXi.jpg,2024-01-10,Lift,False,6.584,793
False,/meyhnvssZOPPjud4F1CjOb4snET.jpg,"[16, 28, 12, 35, 10751]",940551,en,Migration,"After a migrating duck family alights on their pond with thrilling tales of far-flung places, the Mallard family embarks on a family road trip, from New England, to New York City, to tropical Jamaica.",794.761,/ldfCF9RhR40mppkzmftxapaHeTo.jpg,2023-12-06,Migration,False,7.6,654
False,/4MCKNAc6AbWjEsM2h9Xc29owo4z.jpg,"[28, 53, 18]",866398,en,The Beekeeper,One man’s campaign for vengeance takes on national stakes after he is revealed to be a former operative of a powerful and clandestine organization known as Beekeepers.,723.331,/A7EByudX0eOzlkQ2FIbogzyazm2.jpg,2024-01-10,The Beekeeper,False,7.26,1151
False,/cnqwv5Uz3UW5f086IWbQKr3ksJr.jpg,"[28, 12, 14]",572802,en,Aquaman and the Lost Kingdom,"Black Manta seeks revenge on Aquaman for his father's death. Wielding the Black Trident's power, he becomes a formidable foe. To defend Atlantis, Aquaman forges an alliance with his imprisoned brother. They must protect the kingdom.",723.507,/7lTnXOy0iNtBAdRP3TZvaKJ77F6.jpg,2023-12-20,Aquaman and the Lost Kingdom,False,6.912,1685
False,/ehumsuIBbgAe1hg343oszCLrAfI.jpg,"[16, 10751, 14, 12]",1022796,en,Wish,"Asha, a sharp-witted idealist, makes a wish so powerful that it is answered by a cosmic force – a little ball of boundless energy called Star. Together, Asha and Star confront a most formidable foe - the ruler of Rosas, King Magnifico - to save her community and prove that when the will of one courageous human connects with the magic of the stars, wondrous things can happen.",738.649,/nesuSdJakNkf0zs7OfoasB6Clxf.jpg,2023-11-13,Wish,False,6.647,737
False,/8GnWDLn2AhnmkQ7hlQ9NJUYobSS.jpg,"[18, 878, 28]",695721,en,The Hunger Games: The Ballad of Songbirds & Snakes,"64 years before he becomes the tyrannical president of Panem, Coriolanus Snow sees a chance for a change in fortunes when he mentors Lucy Gray Baird, the female tribute from District 12.",769.463,/mBaXZ95R2OxueZhvQbcEWy2DqyO.jpg,2023-11-15,The Hunger Games: The Ballad of Songbirds & Snakes,False,7.203,1757
False,/gg4zZoTggZmpAQ32qIrP5dtnkEZ.jpg,"[28, 80, 53]",891699,en,Silent Night,"A tormented father witnesses his young son die when caught in a gang's crossfire on Christmas Eve. While recovering from a wound that costs him his voice, he makes vengeance his life's mission and embarks on a punishing training regimen in order to avenge his son's death.",664.146,/nJCP1ZNTPKlZ7S0Kv3gbmuraAT4.jpg,2023-11-30,Silent Night,False,6.326,469
False,/sRLC052ieEzkQs9dEtPMfFxYkej.jpg,"[878, 18, 28]",848326,en,Rebel Moon - Part One: A Child of Fire,"When a peaceful colony on the edge of the galaxy finds itself threatened by the armies of the tyrannical Regent Balisarius, they dispatch Kora, a young woman with a mysterious past, to seek out warriors from neighboring planets to help them take a stand.",651.587,/ui4DrH1cKk2vkHshcUcGt2lKxCm.jpg,2023-12-15,Rebel Moon - Part One: A Child of Fire,False,6.407,1453
False,/zLj0peaxy5y2SlC6wNIQ4V0pfqg.jpg,"[16, 10751, 35, 14]",1139829,en,Orion and the Dark,"A boy with an active imagination faces his fears on an unforgettable journey through the night with his new friend: a giant, smiling creature named Dark.",639.619,/N2ddXhBX5kqwA9flbm2yqFtX6b.jpg,2024-02-02,Orion and the Dark,False,6.699,214
False,/yl2GfeCaPoxChcGyM5p7vYp1CKS.jpg,"[28, 35, 10749]",848187,en,Role Play,Emma has a wonderful husband and two kids in the suburbs of New Jersey – she also has a secret life as an assassin for hire – a secret that her husband David discovers when the couple decide to spice up their marriage with a little role play.,640.235,/7MhXiTmTl16LwXNPbWCmqxj7UxH.jpg,2024-01-04,Role Play,False,6.022,347
False,/47SVqaO02doJ06tOmrjiWDkwU3T.jpg,"[28, 53]",927107,en,The Bricklayer,"Someone is blackmailing the CIA by assassinating foreign journalists and making it look like the agency is responsible. As the world begins to unite against the U.S., the CIA must lure its most brilliant – and rebellious – operative out of retirement, forcing him to confront his checkered past while unraveling an international conspiracy.",590.628,/36pYugctLa70NmwMEgXTR1G31Kq.jpg,2023-12-14,The Bricklayer,False,6.115,113
False,/nTPFkLUARmo1bYHfkfdNpRKgEOs.jpg,"[35, 10749]",1072790,en,Anyone But You,"After an amazing first date, Bea and Ben’s fiery attraction turns ice cold — until they find themselves unexpectedly reunited at a destination wedding in Australia. So they do what any two mature adults would do: pretend to be a couple.",558.259,/yRt7MGBElkLQOYRvLTT1b3B1rcp.jpg,2023-12-21,Anyone But You,False,6.926,432
False,/zIYROrkHJPYB3VTiW1L9QVgaQO.jpg,"[28, 35]",897087,en,Freelance,"An ex-special forces operative takes a job to provide security for a journalist as she interviews a dictator, but a military coup breaks out in the middle of the interview, they are forced to escape into the jungle where they must survive.",521.515,/7Bd4EUOqQDKZXA6Od5gkfzRNb0.jpg,2023-10-05,Freelance,False,6.56,557
False,/6OnoMgGFuZ921eV8v8yEyXoag19.jpg,"[28, 53]",1211957,en,The Painter,"An ex-CIA operative is thrown back into a dangerous world when a mysterious woman from his past resurfaces. Now exposed and targeted by a relentless killer and a rogue black ops program, he must rely on skills he thought he left behind in a high-stakes game of survival.",550.668,/UZ0ydgbXtnrq8xZCI5lHVXVcH9.jpg,2024-01-05,The Painter,False,6.793,75
False,/f1AQhx6ZfGhPZFTVKgxG91PhEYc.jpg,"[36, 10752, 28, 18]",753342,en,Napoleon,"An epic that details the checkered rise and fall of French Emperor Napoleon Bonaparte and his relentless journey to power through the prism of his addictive, volatile relationship with his wife, Josephine.",541.899,/vcZWJGvB5xydWuUO1vaTLI82tGi.jpg,2023-11-22,Napoleon,False,6.515,1670
False,/bQS43HSLZzMjZkcHJz4fGc7fNdz.jpg,"[878, 10749, 35]",792307,en,Poor Things,"Brought back to life by an unorthodox scientist, a young woman runs off with a debauched lawyer on a whirlwind adventure across the continents. Free from the prejudices of her times, she grows steadfast in her purpose to stand for equality and liberation.",621.231,/kCGlIMHnOm8JPXq3rXM6c5wMxcT.jpg,2023-12-07,Poor Things,False,8.123,1195
False,/acpFrSmVLnTNAIuHxnZArkC3dwU.jpg,"[16, 28, 12, 10751, 14]",598387,en,The Tiger's Apprentice,"After the death of his grandmother, Tom Lee discovers he is part of a long lineage of magical protectors known as the Guardians. With guidance from a mythical tiger named Hu and the other Zodiac animal warriors, Tom trains to take on an evil force that threatens humanity.",509.178,/iiid1xMhoAcW83VJ9LdAqf4Vtbr.jpg,2024-02-02,The Tiger's Apprentice,False,7.243,70
False,/pRmF6VBsRnvWCbLB9P80UvZFMyK.jpg,"[10749, 35]",1014590,en,Upgraded,"Ana is an ambitious intern dreaming of a career in the art world while trying to impress her demanding boss Claire. When she's upgraded to first class on a work trip, she meets handsome Will, who mistakes Ana for her boss– a white lie that sets off a glamorous chain of events, romance and opportunity, until her fib threatens to surface.",694.281,/9xn7y63VIpUsIVzSP9fYrqJHyl9.jpg,2024-02-07,Upgraded,False,7.388,250
False,/1BFLsVxE1NzCIwicfOPtzzB4Kxh.jpg,"[80, 53, 28]",982940,en,Due Justice,An attorney with a military past hunts down the gang who killed his wife and took his daughter.,497.097,/35Uef7fz9ctYbJLXbJBCqvtttEQ.jpg,2023-11-24,Due Justice,False,6.579,38
False,/rMvPXy8PUjj1o8o1pzgQbdNCsvj.jpg,"[28, 12, 53]",299054,en,Expend4bles,"Armed with every weapon they can get their hands on and the skills to use them, The Expendables are the world’s last line of defense and the team that gets called when all other options are off the table. But new team members with new styles and tactics are going to give “new blood” a whole new meaning.",455.727,/iwsMu0ehRPbtaSxqiaUDQB9qMWT.jpg,2023-09-15,Expend4bles,False,6.367,1151
False,/1ZSKH5GGFlM8M32K34GMdaNS2Ew.jpg,"[10402, 18]",802219,en,Bob Marley: One Love,Jamaican singer-songwriter Bob Marley overcomes adversity to become the most famous reggae musician in the world.,441.067,/1lQftpEARVVB9op4TaYiIbactzG.jpg,2024-02-14,Bob Marley: One Love,False,6.7,45
False,/fm6KqXpk3M2HVveHwCrBSSBaO0V.jpg,"[18, 36]",872585,en,Oppenheimer,The story of J. Robert Oppenheimer's role in the development of the atomic bomb during World War II.,395.573,/ptpr0kGAckfQkJeJIt8st5dglvd.jpg,2023-07-19,Oppenheimer,False,8.119,6696
False,/hIeEpk2w1dnC9ly9ZJwwbunH2Cx.jpg,"[16, 35, 18, 10751]",838240,es,Robot Dreams,"Dog lives in Manhattan and he's tired of being alone. One day he decides to build himself a robot, a companion. Their friendship blossoms, until they become inseparable, to the rhythm of 80's NYC. One summer night, Dog, with great sadness, is forced to abandon Robot at the beach. Will they ever meet again?",396.007,/qLtK6DFeuJNuB3THGVDklirhQ8u.jpg,2023-10-20,Robot Dreams,False,7.0,50
False,/kjQBrc00fB2RjHZB3PGR4w9ibpz.jpg,"[28, 12, 878]",670292,en,The Creator,"Amid a future war between the human race and the forces of artificial intelligence, a hardened ex-special forces agent grieving the disappearance of his wife, is recruited to hunt down and kill the Creator, the elusive architect of advanced AI who has developed a mysterious weapon with the power to end the war—and mankind itself.",375.862,/vBZ0qvaRxqEhZwl6LWmruJqWE8Z.jpg,2023-09-27,The Creator,False,7.127,2208
False,/a0GM57AnJtNi7lMOCamniiyV10W.jpg,"[16, 12, 14]",508883,ja,君たちはどう生きるか,"While the Second World War rages, the teenage Mahito, haunted by his mother's tragic death, is relocated from Tokyo to the serene rural home of his new stepmother Natsuko, a woman who bears a striking resemblance to the boy's mother. As he tries to adjust, this strange new world grows even stranger following the appearance of a persistent gray heron, who perplexes and bedevils Mahito, dubbing him the ""long-awaited one.""",357.078,/jDQPkgzerGophKRRn7MKm071vCU.jpg,2023-07-14,The Boy and the Heron,False,7.452,952
False,/tj7mp7uWjVw5N73G5Hwm1bkMOcD.jpg,"[28, 10752]",975902,en,Boudica,"Inspired by events in A.D. 60, Boudica follows the eponymous Celtic warrior who rules the Iceni people alongside her husband Prasutagus. When he dies at the hands of Roman soldiers, Boudica’s kingdom is left without a male heir and the Romans seize her land and property.  Driven to the edge of madness and determined to avenge her husband’s death, Boudica rallies the various tribes from the region and wages an epic war against the mighty Roman empire.",368.938,/adMcxfUonnm9RvPImGHy25wYUks.jpg,2023-10-26,Boudica,False,5.826,118
False,/pW1sEV4R2GL99OoUq73Pvf7r7Ce.jpg,"[16, 35, 18]",24238,en,Mary and Max,"A tale of friendship between two unlikely pen pals: Mary, a lonely, eight-year-old girl living in the suburbs of Melbourne, and Max, a forty-four-year old, severely obese man living in New York.",384.033,/b4LKlquh0ls5Rgb27QLPlkC7Oya.jpg,2009-02-09,Mary and Max,False,7.851,1844
False,/nbq3LfgLXnL5ixZ1Q74jTJmhmTS.jpg,"[28, 35, 878]",533535,en,Deadpool & Wolverine,"Third entry in the ""Deadpool"" franchise. Plot TBA.",280.997,/uxBHXaoOvAwy4NpPpP7nNx2rXYQ.jpg,2024-07-24,Deadpool & Wolverine,False,0.0,0
False,/su7FqHdZez0oOvpZAbV7P6BGq0R.jpg,"[28, 80, 18, 53]",939335,en,Muzzle,"LAPD K-9 officer Jake Rosser has just witnessed the shocking murder of his dedicated partner by a mysterious assailant. As he investigates the shooter’s identity, he uncovers a vast conspiracy that has a chokehold on the city in this thrilling journey through the tangled streets of Los Angeles and the corrupt bureaucracy of the LAPD.",344.848,/qXChf7MFL36BgoLkiB3BzXiwW82.jpg,2023-09-29,Muzzle,False,6.474,170
False,/2vFuG6bWGyQUzYS9d69E5l85nIz.jpg,"[28, 12, 878]",667538,en,Transformers: Rise of the Beasts,"When a new threat capable of destroying the entire planet emerges, Optimus Prime and the Autobots must team up with a powerful faction known as the Maximals. With the fate of humanity hanging in the balance, humans Noah and Elena will do whatever it takes to help the Transformers as they engage in the ultimate battle to save Earth.",343.979,/gPbM0MK8CP8A174rmUwGsADNYKD.jpg,2023-06-06,Transformers: Rise of the Beasts,False,7.362,4031
False,/tC78Pck2YCsUAtEdZwuHYUFYtOj.jpg,"[28, 53, 80]",926393,en,The Equalizer 3,"Robert McCall finds himself at home in Southern Italy but he discovers his friends are under the control of local crime bosses. As events turn deadly, McCall knows what he has to do: become his friends' protector by taking on the mafia.",317.024,/b0Ej6fnXAP8fK75hlyi2jKqdhHz.jpg,2023-08-30,The Equalizer 3,False,7.401,2263
False,/yKAg8z8T1iXeYA0Io3E4u9mchdt.jpg,"[28, 878, 12]",823464,en,Godzilla x Kong: The New Empire,"Following their explosive showdown, Godzilla and Kong must reunite against a colossal undiscovered threat hidden within our world, challenging their very existence – and our own.",330.728,/bQ2ywkchIiaKLSEaMrcT6e29f91.jpg,2024-03-27,Godzilla x Kong: The New Empire,False,0.0,0
False,/iiXliCeykkzmJ0Eg9RYJ7F2CWSz.jpg,"[28, 53, 80]",762430,en,Retribution,"When a mysterious caller puts a bomb under his car seat, Matt Turner begins a high-speed chase across the city to complete a specific series of tasks- all with his kids trapped in the back seat.",296.06,/oUmmY7QWWn7OhKlcPOnirHJpP1F.jpg,2023-08-23,Retribution,False,6.79,934
False,/4XM8DUTQb3lhLemJC51Jx4a2EuA.jpg,"[28, 80, 53]",385687,en,Fast X,"Over many missions and against impossible odds, Dom Toretto and his family have outsmarted, out-nerved and outdriven every foe in their path. Now, they confront the most lethal opponent they've ever faced: A terrifying threat emerging from the shadows of the past who's fueled by blood revenge, and who is determined to shatter this family and destroy everything—and everyone—that Dom loves, forever.",294.228,/fiVW06jE7z9YnO4trhaMEdclSiC.jpg,2023-05-17,Fast X,False,7.148,4859
False,/7FKaeoJnCaXIzU30E98BpVAmYJM.jpg,"[28, 53, 80]",603692,en,John Wick: Chapter 4,"With the price on his head ever increasing, John Wick uncovers a path to defeating The High Table. But before he can earn his freedom, Wick must face off against a new enemy with powerful alliances across the globe and forces that turn old friends into foes.",280.198,/vZloFAK7NmvMGKE7VkF5UHaz0I.jpg,2023-03-22,John Wick: Chapter 4,False,7.755,5576
False,/vdpE5pjJVql5aD6pnzRqlFmgxXf.jpg,"[18, 36]",906126,es,La sociedad de la nieve,"On October 13, 1972, Uruguayan Air Force Flight 571, chartered to take a rugby team to Chile, crashes into a glacier in the heart of the Andes.",288.435,/2e853FDVSIso600RqAMunPxiZjq.jpg,2023-12-13,Society of the Snow,False,8.085,1913
False,/7Bl98JC4kGe62ORuFIsFtWtcIA2.jpg,[27],517764,en,The Farm,A young couple gets kidnapped and treated like farm animals after stopping at a roadside diner to eat meat.,271.715,/7nPMR3QU5vl7cEmB1LE6O6yliCg.jpg,2019-04-19,The Farm,False,5.319,282
False,/wcEGMvOzCPjPABa4jbTDF2UOx53.jpg,"[53, 878, 28]",937249,en,57 Seconds,"When a tech blogger lands an interview with a tech guru and stops an attack on him, he finds a mysterious ring that takes him back 57 seconds into the past.",282.306,/dfS5qHWFuXyZQnwYREwb7N4qU5p.jpg,2023-09-29,57 Seconds,False,5.964,293
False,/en971MEXui9diirXlogOrPKmsEn.jpg,"[28, 12, 35]",293660,en,Deadpool,"The origin story of former Special Forces operative turned mercenary Wade Wilson, who, after being subjected to a rogue experiment that leaves him with accelerated healing powers, adopts the alter ego Deadpool. Armed with his new abilities and a dark, twisted sense of humor, Deadpool hunts down the man who nearly destroyed his life.",287.758,/fSRb7vyIP8rQpL0I47P3qUsEKX3.jpg,2016-02-09,Deadpool,False,7.608,29436
False,/5mzr6JZbrqnqD8rCEvPhuCE5Fw2.jpg,"[28, 878, 27]",615656,en,Meg 2: The Trench,An exploratory dive into the deepest depths of the ocean of a daring research team spirals into chaos when a malevolent mining operation threatens their mission and forces them into a high-stakes battle for survival.,268.263,/4m1Au3YkjqsxF8iwQy0fPYSxE0h.jpg,2023-08-02,Meg 2: The Trench,False,6.643,2912
False,/rb3QQ2TQfJoCpCZlfXBlBbzYy1D.jpg,"[53, 28]",844416,en,Rumble Through the Dark,"Set in the dark landscape of the Mississippi Delta, where a former bare-knuckle fighter must win one last fight to pay off his debts to the local mob boss and save his childhood home—the stakes nothing less than life or death.",276.4,/19UbYIT9WEQS5qSD3BREDxVXk8g.jpg,2023-11-03,Rumble Through the Dark,False,6.29,50
False,/yF1eOkaYvwiORauRCPWznV9xVvi.jpg,"[28, 12, 878]",298618,en,The Flash,"When his attempt to save his family inadvertently alters the future, Barry Allen becomes trapped in a reality in which General Zod has returned and there are no Super Heroes to turn to. In order to save the world that he is in and return to the future that he knows, Barry's only hope is to race for his life. But will making the ultimate sacrifice be enough to reset the universe?",296.501,/rktDFPbfHfUbArZ6OOOKsXcv0Bm.jpg,2023-06-13,The Flash,False,6.787,3581
False,/xvzxqKWltnj6qSiWBXRq6ZCdcrw.jpg,"[53, 18]",1151534,es,Nowhere,"A young pregnant woman named Mia escapes from a country at war by hiding in a maritime container aboard a cargo ship. After a violent storm, Mia gives birth to the child while lost at sea, where she must fight to survive.",288.552,/cVxIX8JJJB179zh7wcUt0A6TpQQ.jpg,2023-09-29,Nowhere,False,7.46,1119
False,/3P52oz9HPQWxcwHOwxtyrVV1LKi.jpg,"[28, 35, 12]",383498,en,Deadpool 2,Wisecracking mercenary Deadpool battles the evil and powerful Cable and other bad guys to save a boy's life.,258.851,/to0spRl1CMDvyUbOnbb4fTk3VAd.jpg,2018-05-10,Deadpool 2,False,7.488,16725
False,/6sGJzdJjdoJBBJ8oQCkQthHJEUF.jpg,"[28, 18]",1178734,ja,ナックルガール,"Following the story of Ran, who confronts a mysterious organization by participating in a no-rules deathmatch after discovering her missing younger sister Yuzuki is involved in a crime. With danger at every corner, Ran must trade in her boxing gloves for brass knuckles. Will she save her sister?",278.188,/3mQ8tK7xpx95nq0RslW91RPbB5Y.jpg,2023-10-25,Knuckle Girl,False,6.808,26
False,/H41DJiw7Q8xn6bWC75eyaavp9L.jpg,"[878, 12, 18, 9648]",943134,fr,Le Règne animal,"In a world hit by a wave of mutations transforming humans into animals, François does everything he can to save his wife. As some of the creatures disappear into a nearby forest, he and their son Émile embark on a quest that will change their lives forever.",261.388,/39AiQnXlXOjoqBSkiUpTG80rXLw.jpg,2023-10-04,The Animal Kingdom,False,7.2,269
False,/bWIIWhnaoWx3FTVXv6GkYDv3djL.jpg,"[878, 27, 28]",940721,ja,ゴジラ-1.0,"Postwar Japan is at its lowest point when a new crisis emerges in the form of a giant monster, baptized in the horrific power of the atomic bomb.",259.138,/fk62hm95sVNHy5Lkx3d18wj1v19.jpg,2023-11-03,Godzilla Minus One,False,7.871,408
False,/dvNrgldueQciabkYmlCnyhmaPoO.jpg,"[28, 9648, 53, 27]",899445,en,Deep Fear,A solo trip aboard a yacht takes a terrifying turn when a woman encounters three drug traffickers clinging to the shattered remains of a boat. They soon force her to dive into shark-infested waters to retrieve kilos of cocaine from the sunken wreck.,260.04,/ms1omYCnhnO3eDOI88tfiy6SaoX.jpg,2023-10-18,Deep Fear,False,5.863,131
False,/lntyt4OVDbcxA1l7LtwITbrD3FI.jpg,"[18, 10749]",1010581,es,Culpa mía,"Noah must leave her city, boyfriend, and friends to move into William Leister's mansion, the flashy and wealthy husband of her mother Rafaela. As a proud and independent 17 year old, Noah resists living in a mansion surrounded by luxury. However, it is there where she meets Nick, her new stepbrother, and the clash of their strong personalities becomes evident from the very beginning.",240.864,/w46Vw536HwNnEzOa7J24YH9DPRS.jpg,2023-06-08,My Fault,False,8.026,2255
False,/jYEW5xZkZk2WTrdbMGAPFuBqbDc.jpg,"[878, 12]",438631,en,Dune,"Paul Atreides, a brilliant and gifted young man born into a great destiny beyond his understanding, must travel to the most dangerous planet in the universe to ensure the future of his family and his people. As malevolent forces explode into conflict over the planet's exclusive supply of the most precious resource in existence-a commodity capable of unlocking humanity's greatest potential-only those who can conquer their fear will survive.",302.488,/d5NXSklXo0qyIYkgV94XAgMIckC.jpg,2021-09-15,Dune,False,7.786,10073
False,/xzdOIL7261CWehsHOk3lnP0xqam.jpg,"[28, 878, 12]",565770,en,Blue Beetle,"Recent college grad Jaime Reyes returns home full of aspirations for his future, only to find that home is not quite as he left it. As he searches to find his purpose in the world, fate intervenes when Jaime unexpectedly finds himself in possession of an ancient relic of alien biotechnology: the Scarab.",247.906,/mXLOHHc1Zeuwsl4xYKjKh2280oL.jpg,2023-08-16,Blue Beetle,False,6.868,2162
False,/9n2tJBplPbgR2ca05hS5CKXwP2c.jpg,"[16, 10751, 12, 14, 35]",502356,en,The Super Mario Bros. Movie,"While working underground to fix a water main, Brooklyn plumbers—and brothers—Mario and Luigi are transported down a mysterious pipe and wander into a magical new world. But when the brothers are separated, Mario embarks on an epic quest to find Luigi.",248.652,/qNBAXBIQlnOThrVvA6mA2B5ggV6.jpg,2023-04-05,The Super Mario Bros. Movie,False,7.693,8001
False,/8rpDcsfLJypbO6vREc0547VKqEv.jpg,"[878, 12, 28]",76600,en,Avatar: The Way of Water,"Set more than a decade after the events of the first film, learn the story of the Sully family (Jake, Neytiri, and their kids), the trouble that follows them, the lengths they go to keep each other safe, the battles they fight to stay alive, and the tragedies they endure.",229.518,/t6HIqrRAclMCA60NsSmeqe9RmNV.jpg,2022-12-14,Avatar: The Way of Water,False,7.634,10833
False,/xFYpUmB01nswPgbzi8EOCT1ZYFu.jpg,"[12, 28, 18]",980489,en,Gran Turismo,The ultimate wish-fulfillment tale of a teenage Gran Turismo player whose gaming skills won him a series of Nissan competitions to become an actual professional racecar driver.,223.534,/51tqzRtKMMZEYUpSYkrUE7v9ehm.jpg,2023-08-09,Gran Turismo,False,7.936,1972
False,/k0VC5O8PrrJRqqDDbHDiDo8qAE0.jpg,"[16, 28, 14, 12]",1034062,en,Mortal Kombat Legends: Cage Match,"In 1980s Hollywood, action star Johnny Cage is looking to become an A-list actor. But when his costar, Jennifer, goes missing from set, Johnny finds himself thrust into a world filled with shadows, danger, and deceit. As he embarks on a bloody journey, Johnny quickly discovers the City of Angels has more than a few devils in its midst.",231.062,/1eKWqTHp4OgKdx1QX1O9LxKHr1M.jpg,2023-10-17,Mortal Kombat Legends: Cage Match,False,6.741,83
False,/upDUDOlpGBPGwV6A4vs0y2Whzg0.jpg,"[16, 28, 14, 12]",1230393,ja,MONSTERS 一百三情飛龍侍極,A samurai's path leads him to a young waitress whose hometown was destroyed by a dragon. He doesn't want any trouble — but it finds them anyway.,240.069,/yG8QKnaiz7JoIMh3oxdm0JJN6IG.jpg,2024-01-21,Monsters 103 Mercies Dragon Damnation,False,7.333,60
False,/628Dep6AxEtDxjZoGP78TsOxYbK.jpg,"[28, 53]",575264,en,Mission: Impossible - Dead Reckoning Part One,"Ethan Hunt and his IMF team embark on their most dangerous mission yet: To track down a terrifying new weapon that threatens all of humanity before it falls into the wrong hands. With control of the future and the world's fate at stake and dark forces from Ethan's past closing in, a deadly race around the globe begins. Confronted by a mysterious, all-powerful enemy, Ethan must consider that nothing can matter more than his mission—not even the lives of those he cares about most.",238.08,/NNxYkU70HPurnNCSiCjYAmacwm.jpg,2023-07-08,Mission: Impossible - Dead Reckoning Part One,False,7.57,3061
False,/puUUsAri2UchyJgsbkpO3HZfKiw.jpg,"[18, 36]",862557,en,The Hill,"The story of Rickey Hill, who overcomes his physical disability and repairs his relationship with his father in a quest to become a major league baseball (MLB) player.",178.751,/gKh28PVUqt1vY2oAdFlauXkDacW.jpg,2023-08-18,The Hill,False,7.6,103
False,/ctMserH8g2SeOAnCw5gFjdQF8mo.jpg,"[35, 12]",346698,en,Barbie,"Barbie and Ken are having the time of their lives in the colorful and seemingly perfect world of Barbie Land. However, when they get a chance to go to the real world, they soon discover the joys and perils of living among humans.",240.618,/iuFNMS8U5cb6xfzi51Dbkovj7vM.jpg,2023-07-19,Barbie,False,7.127,7347
False,/uhUO7vQQKvCTfQWubOt5MAKokbL.jpg,"[878, 12]",693134,en,Dune: Part Two,"Follow the mythic journey of Paul Atreides as he unites with Chani and the Fremen while on a path of revenge against the conspirators who destroyed his family. Facing a choice between the love of his life and the fate of the known universe, Paul endeavors to prevent a terrible future only he can foresee.",295.958,/8b8R8l88Qje9dn9OE8PY05Nxl1X.jpg,2024-02-27,Dune: Part Two,False,0.0,0
False,/14QbnygCuTO0vl7CAFmPf1fgZfV.jpg,"[28, 12, 878]",634649,en,Spider-Man: No Way Home,"Peter Parker is unmasked and no longer able to separate his normal life from the high-stakes of being a super-hero. When he asks for help from Doctor Strange the stakes become even more dangerous, forcing him to discover what it truly means to be Spider-Man.",200.273,/5weKu49pzJCt06OPpjvT80efnQj.jpg,2021-12-15,Spider-Man: No Way Home,False,7.975,18982
False,/k1KrbaCMACQiq7EA0Yhw3bdzMv7.jpg,"[16, 10751, 10402, 14, 35]",901362,en,Trolls Band Together,"When Branch's brother, Floyd, is kidnapped for his musical talents by a pair of nefarious pop-star villains, Branch and Poppy embark on a harrowing and emotional journey to reunite the other brothers and rescue Floyd from a fate even worse than pop-culture obscurity.",221.812,/bkpPTZUdq31UGDovmszsg2CchiI.jpg,2023-10-12,Trolls Band Together,False,7.278,635
False,/dAXSflkUKRfpzK74kRaovfK09Kx.jpg,"[28, 12, 53]",961268,ko,발레리나,"Grieving the loss of a best friend she couldn't protect, an ex-bodyguard sets out to fulfill her dear friend's last wish: sweet revenge.",216.717,/oE7xtGDqZnr7tFHfwb8oM9iRW6H.jpg,2023-10-05,Ballerina,False,7.04,404
False,/dT1bXXEd7cfuVsB7CMvOKYiRZWl.jpg,[35],1007826,en,The Underdoggs,"Jaycen 'Two Js' Jennings is a washed-up former pro football star who has hit rock bottom. When sentenced to community service coaching the Underdoggs, an unruly pee-wee football team in his hometown, he sees it mostly as an opportunity to rebuild his public image. But in the process, he may just turn his life around and rediscover his love of the game.",207.999,/wj1VRcVsh39nkxLkZP8tuGd96tc.jpg,2024-01-25,The Underdoggs,False,6.617,77
False,/4HodYYKEIsGOdinkGi2Ucz6X9i0.jpg,"[16, 28, 12, 878]",569094,en,Spider-Man: Across the Spider-Verse,"After reuniting with Gwen Stacy, Brooklyn’s full-time, friendly neighborhood Spider-Man is catapulted across the Multiverse, where he encounters the Spider Society, a team of Spider-People charged with protecting the Multiverse’s very existence. But when the heroes clash on how to handle a new threat, Miles finds himself pitted against the other Spiders and must set out on his own to save those he loves most.",216.451,/8Vt6mWEReuy4Of61Lnj5Xj704m8.jpg,2023-05-31,Spider-Man: Across the Spider-Verse,False,8.38,5758
False,/uLhWh1pggjIiQ1DpL0DvaIgERQR.jpg,"[878, 12, 28]",653346,en,Kingdom of the Planet of the Apes,"Several generations in the future following Caesar's reign, apes are now the dominant species and live harmoniously while humans have been reduced to living in the shadows. As a new tyrannical ape leader builds his empire, one young ape undertakes a harrowing journey that will cause him to question all that he has known about the past and to make choices that will define a future for apes and humans alike.",179.608,/fAjyUDKABSehK6pHWvh9ket5X3z.jpg,2024-05-08,Kingdom of the Planet of the Apes,False,0.0,0
False,/faXT8V80JRhnArTAeYXz0Eutpv9.jpg,"[16, 12, 14, 35, 28, 10751]",315162,en,Puss in Boots: The Last Wish,"Puss in Boots discovers that his passion for adventure has taken its toll: He has burned through eight of his nine lives, leaving him with only one life left. Puss sets out on an epic journey to find the mythical Last Wish and restore his nine lives.",185.429,/kuf6dutpsT0vSVehic3EZIqkOBt.jpg,2022-12-07,Puss in Boots: The Last Wish,False,8.249,6990
False,/3fIELwQezqPoIrfgzCf19r9TymE.jpg,"[27, 878]",628866,en,The Return,"After the death of his father, a brilliant college student returns to his family home where he learns that the horrors from his childhood aren't as dead and gone as he once thought.",261.077,/rK2gW2kOIC5hG3JjVB81vU9v8gC.jpg,2020-09-05,The Return,False,6.799,219
False,/auXrHU6O17n9Tz11SHReoorjrU6.jpg,"[16, 35, 10751]",1075794,en,Leo,"Jaded 74-year-old lizard Leo has been stuck in the same Florida classroom for decades with his terrarium-mate turtle. When he learns he only has one year left to live, he plans to escape to experience life on the outside but instead gets caught up in the problems of his anxious students — including an impossibly mean substitute teacher.",194.647,/pD6sL4vntUOXHmuvJPPZAgvyfd9.jpg,2023-11-17,Leo,False,7.5,936
False,/7NRGAtu8E4343NSKwhkgmVRDINw.jpg,"[27, 9648]",507089,en,Five Nights at Freddy's,"Recently fired and desperate for work, a troubled young man named Mike agrees to take a position as a night security guard at an abandoned theme restaurant: Freddy Fazbear's Pizzeria. But he soon discovers that nothing at Freddy's is what it seems.",186.52,/7BpNtNfxuocYEVREzVMO75hso1l.jpg,2023-10-25,Five Nights at Freddy's,False,7.692,3358
False,/5YZbUmjbMa3ClvSW1Wj3D6XGolb.jpg,"[878, 12, 28]",447365,en,Guardians of the Galaxy Vol. 3,"Peter Quill, still reeling from the loss of Gamora, must rally his team around him to defend the universe along with protecting one of their own. A mission that, if not completed successfully, could quite possibly lead to the end of the Guardians as we know them.",186.604,/r2J02Z2OpNTctfOSN1Ydgii51I3.jpg,2023-05-03,Guardians of the Galaxy Vol. 3,False,7.983,5893
False,/4l65BWqJBl7hBwdIwp2nQdwsOuw.jpg,"[36, 18]",850165,en,The Iron Claw,"The true story of the inseparable Von Erich brothers, who made history in the intensely competitive world of professional wrestling in the early 1980s. Through tragedy and triumph, under the shadow of their domineering father and coach, the brothers seek larger-than-life immortality on the biggest stage in sports.",203.276,/nfs7DCYhgrEIgxKYbITHTzKsggf.jpg,2023-12-21,The Iron Claw,False,7.5,201
False,/4l65BWqJBl7hBwdIwp2nQdwsOuw.jpg,"[36, 18]",850165,en,The Iron Claw,"The true story of the inseparable Von Erich brothers, who made history in the intensely competitive world of professional wrestling in the early 1980s. Through tragedy and triumph, under the shadow of their domineering father and coach, the brothers seek larger-than-life immortality on the biggest stage in sports.",203.276,/nfs7DCYhgrEIgxKYbITHTzKsggf.jpg,2023-12-21,The Iron Claw,False,7.502,207
False,/pA4sNvcohTNPx3AhEEeIu8gSt7h.jpg,"[16, 35, 10751, 14, 10749, 12]",976573,en,Elemental,"In a city where fire, water, land and air residents live together, a fiery young woman and a go-with-the-flow guy will discover something elemental: how much they have in common.",204.641,/4Y1WNkd88JXmGfhtWR7dmDAo1T2.jpg,2023-06-14,Elemental,False,7.671,3676
False,/efro4duB7agkA2Xl5LmkD3HeCim.jpg,"[28, 53, 18]",818511,pt,Carga Máxima,"When truck racer Roger loses everything, he receives a tempting but dangerous offer: to work as the getaway driver for a gang of thieves.",211.459,/6yx14lSACNJ2zRoYyXqecf3QNgr.jpg,2023-09-27,Overhaul,False,6.748,113
False,/P3GAbRjzVo9RKU4WxzvtgwlITc.jpg,"[28, 18]",678512,en,Sound of Freedom,"The story of Tim Ballard, a former US government agent, who quits his job in order to devote his life to rescuing children from global sex traffickers.",211.148,/qA5kPYZA7FkVvqcEfJRoOy4kpHg.jpg,2023-07-03,Sound of Freedom,False,8.061,1961
False,/7Q6C4Z2Cr2ZrsXg6WcwWCwL27.jpg,"[28, 80, 18]",1157049,ja,次元大介,"Feeling unhappy with his gun, Jigen is looking for the world’s best gunsmith. He finally finds out that Chiharu, who runs a watch shop, is the person he’s been seeking. Then, Jigen meets Oto, who comes to Chiharu’s shop looking for a gun. Jigen finds out about Oto's secrets and the mysterious organization that’s after her. After Oto is kidnapped, Jigen gets into a desperate battle to save her.",201.583,/rBeAZ1YiwVQSdeiHCWzGtJhKvbV.jpg,2023-10-12,Jigen Daisuke,False,7.275,40
False,/zX9m8h33pHXcES7ttO8v0ThiYj7.jpg,"[18, 28, 53]",1053592,es,Todos los nombres de Dios,"After being implicated in a terrorist attack, Santi, a taxi driver, is taken hostage by one of the perpetrators.",185.512,/n15gfcgwV0LVPSobrayZcFHcwN6.jpg,2023-09-15,All the Names of God,False,6.643,56
False,/dyA6hSkM0rOIOjIAXHPXTiQ0wxO.jpg,"[28, 35, 80]",1189927,es,El duelo,"Ernesto lives in depression and decides to hire a hit-man to end his own life. However, his plan takes an unexpected turn when he meets Rita, whose love gives him a new reason to live.",208.904,/nFjcIyURaXrU4WWRN7obbipFQGy.jpg,2023-10-12,The Duel,False,6.5,11
False,/mDfJG3LC3Dqb67AZ52x3Z0jU0uB.jpg,"[12, 28, 878]",299536,en,Avengers: Infinity War,"As the Avengers and their allies have continued to protect the world from threats too large for any one hero to handle, a new danger has emerged from the cosmic shadows: Thanos. A despot of intergalactic infamy, his goal is to collect all six Infinity Stones, artifacts of unimaginable power, and use them to inflict his twisted will on all of reality. Everything the Avengers have fought for has led up to this moment - the fate of Earth and existence itself has never been more uncertain.",201.236,/7WsyChQLEftFiDOVTGkv3hFpyyt.jpg,2018-04-25,Avengers: Infinity War,False,8.25,28451
False,/xVMtv55caCEvBaV83DofmuZybmI.jpg,"[53, 28]",724209,en,Heart of Stone,An intelligence operative for a shadowy global peacekeeping agency races to stop a hacker from stealing its most valuable — and dangerous — weapon.,186.761,/vB8o2p4ETnrfiWEgVxHmHWP9yRl.jpg,2023-08-09,Heart of Stone,False,6.853,1483
False,/1X7vow16X7CnCoexXh4H4F2yDJv.jpg,"[80, 36, 18]",466420,en,Killers of the Flower Moon,"When oil is discovered in 1920s Oklahoma under Osage Nation land, the Osage people are murdered one by one—until the FBI steps in to unravel the mystery.",185.89,/dB6Krk806zeqd0YNp2ngQ9zXteH.jpg,2023-10-18,Killers of the Flower Moon,False,7.517,2365
False,/o3Dnwh9zCxx7uDvILfqAnPq59Jf.jpg,[27],569367,en,Night Shift,"Amy begins her first night shift in a hotel with a murderous past. Witnessing terrifying events and trapped within a loop, Amy must find a way to escape the flesh obsessed murderer and save residents of the hotel.",152.945,/9IqVWHddRBrlQQshIIeckEzEayI.jpg,2018-09-07,Night Shift,False,5.7,18
False,/2QL5j6mB4ZpyBcVr0WO9H9MQGBu.jpg,"[28, 12, 14]",734253,hi,आदिपुरुष,"7000 years ago, Ayodhya's Prince Raghava and Prince Sesh along with the Mighty Vanar Warriors travels to the island of Lanka with an aim to rescue Raghava's wife Janaki, who has been abducted by Lankesh, the king of Lanka.",179.799,/kpuOeWclbtLU414Txv8ZT6HoZ0k.jpg,2023-06-16,Adipurush,False,5.164,73
False,/csu96RxWGh2tReD9gYQRdUOSuUE.jpg,"[28, 18, 10752]",1076487,en,Warhorse One,A gunned down Navy SEAL Master Chief must guide a child to safety through a gauntlet of hostile Taliban insurgents and survive the brutal Afghanistan wilderness.,175.581,/jP2ik17jvKiV5sGEknMFbZv7WAe.jpg,2023-06-30,Warhorse One,False,7.259,230
False,/35z8hWuzfFUZQaYog8E9LsXW3iI.jpg,"[12, 28]",335977,en,Indiana Jones and the Dial of Destiny,"Finding himself in a new era, and approaching retirement, Indy wrestles with fitting into a world that seems to have outgrown him. But as the tentacles of an all-too-familiar evil return in the form of an old rival, Indy must don his hat and pick up his whip once more to make sure an ancient and powerful artifact doesn't fall into the wrong hands.",187.763,/Af4bXE63pVsb2FtbW8uYIyPBadD.jpg,2023-06-28,Indiana Jones and the Dial of Destiny,False,6.621,2791
False,/5LtSjMNw6j3LkG29Oa4O0iY5U8.jpg,"[28, 12, 53]",872906,hi,जवान,"An emotional journey of a prison warden, driven by a personal vendetta while keeping up to a promise made years ago, recruits inmates to commit outrageous crimes that shed light on corruption and injustice, in an attempt to get even with his past,  and that leads him to an unexpected reunion.",175.199,/bilZfvrrM1YEICmj5DYVEGmGxod.jpg,2023-09-07,Jawan,False,7.232,190
False,/p9DKeXp6FPJtAQ1k13Z4zPWrCbN.jpg,[18],1058694,en,Radical,"In a Mexican border town plagued by neglect, corruption, and violence, a frustrated teacher tries a radical new method to break through his students’ apathy and unlock their curiosity, their potential… and maybe even their genius.",180.964,/eSatbygYZp8ooprBHZdb6GFZxGB.jpg,2023-10-19,Radical,False,8.509,235
False,/kIMYSzp1fH1H9adKplekLD9BuNi.jpg,"[16, 28, 878, 12]",1003581,en,Justice League: Warworld,"Until now, the Justice League has been a loose association of superpowered individuals. But when they are swept away to Warworld, a place of unending brutal gladiatorial combat, Batman, Superman, Wonder Woman and the others must somehow unite to form an unbeatable resistance able to lead an entire planet to freedom.",164.425,/pHdSS5G3wDwJp6jWgMpbSjNiTbr.jpg,2023-07-25,Justice League: Warworld,False,7.185,205
False,/zRpLBiv0ZH5tXEue5523Owp4FgD.jpg,[27],878508,en,While We Sleep,"After observing a hauntingly familiar abnormal CAT scan of a 13 year old girl, radiologist Nina Evanko battles to find the source of the young girl's sleeping disorder. What she discovers is darker and stranger than she could have imagined.",247.426,/hLBY8JBpHLxnLyHX9DzzQoeqpOX.jpg,2021-10-01,While We Sleep,False,4.6,13
False,/xDMIl84Qo5Tsu62c9DGWhmPI67A.jpg,"[28, 12, 878]",505642,en,Black Panther: Wakanda Forever,"Queen Ramonda, Shuri, M’Baku, Okoye and the Dora Milaje fight to protect their nation from intervening world powers in the wake of King T’Challa’s death.  As the Wakandans strive to embrace their next chapter, the heroes must band together with the help of War Dog Nakia and Everett Ross and forge a new path for the kingdom of Wakanda.",148.188,/sv1xJUazXeYqALzczSZ3O6nkH75.jpg,2022-11-09,Black Panther: Wakanda Forever,False,7.147,5916
False,/uivovSm1cRa3OHsgqfOzlHKpGtS.jpg,"[16, 35, 14]",1187998,zh,疯了！桂宝之三星夺宝,"Boo Kwai, a very naughty boy, accidentally arrives in a parallel universe thanks to one of his inventions.",184.362,/vwBowC3q6yVySuiCwandYnBgtwT.jpg,2022-07-29,Crazy Kwai Boo: Sanxingdui Spirited Away,False,7.25,2
